ptp_trunk,condition,new_pa_status,accuracy_type,border_dist,sse,intercept,learning_rate
5c9a698...,landmark_schema,both,correct_exact,3_4,0.18632091929849,3.95370098188095e-06,0.0226708921956225
5c9a698...,landmark_schema,far_pa,correct_exact,3_4,0.234997902744903,0.0535415716062411,0.0228696688876623
5c9a698...,landmark_schema,near_pa,correct_exact,3_4,0.832298854805763,2.09233665356807e-05,0.0888014629104871
5c9a698...,landmark_schema,both,correct_exact,all,0.174654407873683,0.0372230984561592,0.042770994087332
5c9a698...,landmark_schema,far_pa,correct_exact,all,0.234997902744903,0.0535415716062411,0.0228696688876623
5c9a698...,landmark_schema,near_pa,correct_exact,all,0.832298854805763,2.09233665356807e-05,0.0888014629104871
5c9a698...,landmark_schema,both,correct_one_square_away,3_4,0.209843520043798,2.09082991641197e-07,0.302865119765763
5c9a698...,landmark_schema,far_pa,correct_one_square_away,3_4,0.200850299857537,3.55645881085552e-07,0.365025095201543
5c9a698...,landmark_schema,near_pa,correct_one_square_away,3_4,0.320013395832086,1.31635853739541e-07,0.384755593642516
5c9a698...,landmark_schema,both,correct_one_square_away,all,0.102155769516995,3.63232332239506e-06,0.369326001833091
5c9a698...,landmark_schema,far_pa,correct_one_square_away,all,0.200850299857537,3.55645881085552e-07,0.365025095201543
5c9a698...,landmark_schema,near_pa,correct_one_square_away,all,0.320013395832086,1.31635853739541e-07,0.384755593642516
5c9a698...,landmark_schema,both,mouse_error,3_4,6185.54700363675,260.527006221334,0.377093893705245
5c9a698...,landmark_schema,far_pa,mouse_error,3_4,6815.84378971749,262.228571546215,0.354472021956763
5c9a698...,landmark_schema,near_pa,mouse_error,3_4,3242.14915119365,216.513027240735,0.406407039366469
5c9a698...,landmark_schema,both,mouse_error,all,5021.72942764387,246.500757039265,0.365320641760948
5c9a698...,landmark_schema,far_pa,mouse_error,all,6815.84378971749,262.228571546215,0.354472021956763
5c9a698...,landmark_schema,near_pa,mouse_error,all,3242.14915119365,216.513027240735,0.406407039366469
5c9a698...,no_schema,both,correct_exact,3_4,0.0965323405888959,0.0271768006272374,0.00431247257432942
5c9a698...,no_schema,both,correct_exact,all,0.150725776011587,0.0293354678143241,0.037657384186905
5c9a698...,no_schema,both,correct_one_square_away,3_4,0.540775881876335,0.0398398040589477,0.328673590506856
5c9a698...,no_schema,both,correct_one_square_away,all,0.116797650886274,0.0340329033841825,0.347554481235444
5c9a698...,no_schema,both,mouse_error,3_4,8970.06337317257,119.127499482608,0.150790260871238
5c9a698...,no_schema,both,mouse_error,all,7861.42219416317,205.611441181132,0.326661729730258
5c9a698...,random_locations,both,correct_exact,3_4,0.09221273205884,1.12185149086953e-06,0.0327681037066102
5c9a698...,random_locations,both,correct_exact,all,0.189218102516503,2.65039503558643e-05,0.0979771364480254
5c9a698...,random_locations,both,correct_one_square_away,3_4,0.535965655836919,0.0149529477115706,0.101438903170638
5c9a698...,random_locations,both,correct_one_square_away,all,0.185361851239441,0.136021444529472,0.181871975846163
5c9a698...,random_locations,both,mouse_error,3_4,9233.64810734347,163.770017136057,0.0976990760784232
5c9a698...,random_locations,both,mouse_error,all,1915.85421366278,129.360078633594,0.138906259952459
5c9a698...,schema_c,both,correct_exact,3_4,1.17880918268739,0.169188702489,0.143528907341252
5c9a698...,schema_c,far_pa,correct_exact,3_4,0.116228553108102,8.59188002462705e-07,0.178602735015011
5c9a698...,schema_c,near_pa,correct_exact,3_4,1.29622223835875,5.13285199728281e-07,0.36662913522945
5c9a698...,schema_c,both,correct_exact,all,0.308740831756033,3.50833633417589e-06,0.216064743476588
5c9a698...,schema_c,far_pa,correct_exact,all,0.116228553108102,8.59188002462705e-07,0.178602735015011
5c9a698...,schema_c,near_pa,correct_exact,all,1.29622223835875,5.13285199728281e-07,0.36662913522945
5c9a698...,schema_c,both,correct_one_square_away,3_4,0.193885315952859,0.00106398628186584,0.565821353436283
5c9a698...,schema_c,far_pa,correct_one_square_away,3_4,0.271643206754065,0.195028312417432,0.404756538117213
5c9a698...,schema_c,near_pa,correct_one_square_away,3_4,0.0386092625228505,2.75989209720247e-07,0.990777161977349
5c9a698...,schema_c,both,correct_one_square_away,all,0.149369318033767,0.133736082577648,0.546730980903068
5c9a698...,schema_c,far_pa,correct_one_square_away,all,0.271643206754065,0.195028312417432,0.404756538117213
5c9a698...,schema_c,near_pa,correct_one_square_away,all,0.0386092625228505,2.75989209720247e-07,0.990777161977349
5c9a698...,schema_c,both,mouse_error,3_4,6437.30482250571,190.043542404023,0.591175334255594
5c9a698...,schema_c,far_pa,mouse_error,3_4,3908.00003656025,216.190875292407,0.458623094342683
5c9a698...,schema_c,near_pa,mouse_error,3_4,1504.06436958066,222.97943188031,1.54809304628832
5c9a698...,schema_c,both,mouse_error,all,2651.32675127735,216.62620367931,0.562126250673107
5c9a698...,schema_c,far_pa,mouse_error,all,3908.00003656025,216.190875292407,0.458623094342683
5c9a698...,schema_c,near_pa,mouse_error,all,1504.06436958066,222.97943188031,1.54809304628832
5c9a698...,schema_ic,both,correct_exact,3_4,0.349851560181028,0.0345960235242243,0.0287455558175404
5c9a698...,schema_ic,far_pa,correct_exact,3_4,0.38947901036051,0.138907816784148,0.0838028829643983
5c9a698...,schema_ic,near_pa,correct_exact,3_4,0.953329826957139,0.113930108225439,0.0253116288793947
5c9a698...,schema_ic,both,correct_exact,all,0.255267679406468,0.134299097432653,0.0605095389255246
5c9a698...,schema_ic,far_pa,correct_exact,all,0.38947901036051,0.138907816784148,0.0838028829643983
5c9a698...,schema_ic,near_pa,correct_exact,all,0.953329826957139,0.113930108225439,0.0253116288793947
5c9a698...,schema_ic,both,correct_one_square_away,3_4,0.59937034781981,0.352306669637619,0.123537674330655
5c9a698...,schema_ic,far_pa,correct_one_square_away,3_4,0.0965015848368024,0.216087237851921,0.303213864736831
5c9a698...,schema_ic,near_pa,correct_one_square_away,3_4,0.280231199816025,9.62815894096362e-08,0.920103219686947
5c9a698...,schema_ic,both,correct_one_square_away,all,0.12137995744897,0.170995237112834,0.403108793003094
5c9a698...,schema_ic,far_pa,correct_one_square_away,all,0.0965015848368024,0.216087237851921,0.303213864736831
5c9a698...,schema_ic,near_pa,correct_one_square_away,all,0.280231199816025,9.62815894096362e-08,0.920103219686947
5c9a698...,schema_ic,both,mouse_error,3_4,20639.3255639025,166.669180849142,0.27541755565024
5c9a698...,schema_ic,far_pa,mouse_error,3_4,7644.32513623203,235.482603189361,0.480632452457408
5c9a698...,schema_ic,near_pa,mouse_error,3_4,3737.38679147377,163.993381464639,0.496754577185349
5c9a698...,schema_ic,both,mouse_error,all,4930.9368019699,211.477136096666,0.481307128777086
5c9a698...,schema_ic,far_pa,mouse_error,all,7644.32513623203,235.482603189361,0.480632452457408
5c9a698...,schema_ic,near_pa,mouse_error,all,3737.38679147377,163.993381464639,0.496754577185349
5d776e2...,landmark_schema,both,correct_exact,3_4,0.404315116492256,0.0521279196009328,0.0453765522306094
5d776e2...,landmark_schema,far_pa,correct_exact,3_4,0.0454479809469056,0.0821484182927613,-0.0152499742531377
5d776e2...,landmark_schema,near_pa,correct_exact,3_4,0.212491020804277,2.93926720702454e-06,0.0505356997523032
5d776e2...,landmark_schema,both,correct_exact,all,0.0442787558324019,0.015013417505768,0.0142682892223322
5d776e2...,landmark_schema,far_pa,correct_exact,all,0.0454479809469056,0.0821484182927613,-0.0152499742531377
5d776e2...,landmark_schema,near_pa,correct_exact,all,0.212491020804277,2.93926720702454e-06,0.0505356997523032
5d776e2...,landmark_schema,both,correct_one_square_away,3_4,0.13315812377353,0.253096653110832,0.0875985408438621
5d776e2...,landmark_schema,far_pa,correct_one_square_away,3_4,0.176110796074819,0.217825382531736,0.0675274520051605
5d776e2...,landmark_schema,near_pa,correct_one_square_away,3_4,0.535989608536961,0.178482486790744,0.118836975870072
5d776e2...,landmark_schema,both,correct_one_square_away,all,0.0584700845580946,0.206008787119272,0.0832880986053605
5d776e2...,landmark_schema,far_pa,correct_one_square_away,all,0.176110796074819,0.217825382531736,0.0675274520051605
5d776e2...,landmark_schema,near_pa,correct_one_square_away,all,0.535989608536961,0.178482486790744,0.118836975870072
5d776e2...,landmark_schema,both,mouse_error,3_4,11893.5277784361,146.72752950608,0.102829720747888
5d776e2...,landmark_schema,far_pa,mouse_error,3_4,12613.8605146151,187.941149904279,0.0901571493216317
5d776e2...,landmark_schema,near_pa,mouse_error,3_4,4994.89946668026,129.003420168012,0.13392654864977
5d776e2...,landmark_schema,both,mouse_error,all,5602.93893941433,167.731876875659,0.0995281129526868
5d776e2...,landmark_schema,far_pa,mouse_error,all,12613.8605146151,187.941149904279,0.0901571493216317
5d776e2...,landmark_schema,near_pa,mouse_error,all,4994.89946668026,129.003420168012,0.13392654864977
5d776e2...,no_schema,both,correct_exact,3_4,0.096403149260136,2.56910421781761e-06,0.0580225558226959
5d776e2...,no_schema,both,correct_exact,all,0.0407264161749058,0.0324741606501201,0.0366573605658665
5d776e2...,no_schema,both,correct_one_square_away,3_4,0.102523409051314,0.0771276277257067,0.294204619427971
5d776e2...,no_schema,both,correct_one_square_away,all,0.232068271299289,0.116085053922681,0.275168138028137
5d776e2...,no_schema,both,mouse_error,3_4,5400.43569104194,131.373024271663,0.174107900562934
5d776e2...,no_schema,both,mouse_error,all,7569.95962166759,136.940044890192,0.169146296834699
5d776e2...,random_locations,both,correct_exact,3_4,0.0827152642352927,1.39509538691852e-05,0.0148035270380935
5d776e2...,random_locations,both,correct_exact,all,0.0505498939488611,0.040852621191025,0.00655555930476708
5d776e2...,random_locations,both,correct_one_square_away,3_4,0.298840504462936,0.214423704955333,0.0931833601272407
5d776e2...,random_locations,both,correct_one_square_away,all,0.0949873029789199,0.128959559823851,0.115473822100903
5d776e2...,random_locations,both,mouse_error,3_4,3188.32953593704,99.8349264178003,0.0178846235113385
5d776e2...,random_locations,both,mouse_error,all,4936.7863997919,166.426023465992,0.144111956546773
5d776e2...,schema_c,both,correct_exact,3_4,0.302765446713261,1.54077497305634e-06,0.142407724229488
5d776e2...,schema_c,far_pa,correct_exact,3_4,0.31510408393846,0.01833518334475,0.0689968875123039
5d776e2...,schema_c,near_pa,correct_exact,3_4,0.314740309599877,2.21528375224248e-07,0.205926912280189
5d776e2...,schema_c,both,correct_exact,all,0.1110520642097,3.43322753760611e-06,0.112907981872558
5d776e2...,schema_c,far_pa,correct_exact,all,0.31510408393846,0.01833518334475,0.0689968875123039
5d776e2...,schema_c,near_pa,correct_exact,all,0.314740309599877,2.21528375224248e-07,0.205926912280189
5d776e2...,schema_c,both,correct_one_square_away,3_4,0.256055968504237,7.20059297859327e-07,0.399526227511382
5d776e2...,schema_c,far_pa,correct_one_square_away,3_4,0.653548694716837,0.116535909130276,0.467718218649717
5d776e2...,schema_c,near_pa,correct_one_square_away,3_4,0.483051292776954,2.09773668934314e-07,0.453614275191479
5d776e2...,schema_c,both,correct_one_square_away,all,0.229778828590936,0.0661813853275416,0.466394662045142
5d776e2...,schema_c,far_pa,correct_one_square_away,all,0.653548694716837,0.116535909130276,0.467718218649717
5d776e2...,schema_c,near_pa,correct_one_square_away,all,0.483051292776954,2.09773668934314e-07,0.453614275191479
5d776e2...,schema_c,both,mouse_error,3_4,6740.26557173879,161.302334368878,0.239478647167475
5d776e2...,schema_c,far_pa,mouse_error,3_4,12727.5870648296,158.507698892972,0.241604175285367
5d776e2...,schema_c,near_pa,mouse_error,3_4,8920.68641844754,182.582338253225,0.354434344851686
5d776e2...,schema_c,both,mouse_error,all,4069.64937869328,169.975173105133,0.295207491607212
5d776e2...,schema_c,far_pa,mouse_error,all,12727.5870648296,158.507698892972,0.241604175285367
5d776e2...,schema_c,near_pa,mouse_error,all,8920.68641844754,182.582338253225,0.354434344851686
5d776e2...,schema_ic,both,correct_exact,3_4,0.165626785534693,3.84288395959424e-06,0.0259452187115313
5d776e2...,schema_ic,far_pa,correct_exact,3_4,0.0410120391300389,9.92168636428698e-07,0.0127385133417765
5d776e2...,schema_ic,near_pa,correct_exact,3_4,1.36594162487199e-07,0.000204539803960305,-5.69852006444239e-05
5d776e2...,schema_ic,both,correct_exact,all,0.0181747510658747,3.67977537485837e-05,0.0083809756237431
5d776e2...,schema_ic,far_pa,correct_exact,all,0.0410120391300389,9.92168636428698e-07,0.0127385133417765
5d776e2...,schema_ic,near_pa,correct_exact,all,1.36594162487199e-07,0.000204539803960305,-5.69852006444239e-05
5d776e2...,schema_ic,both,correct_one_square_away,3_4,0.220961857012453,8.02452551157199e-07,0.0947833801486315
5d776e2...,schema_ic,far_pa,correct_one_square_away,3_4,0.152265085341616,2.12996971837137e-06,0.0623717017469829
5d776e2...,schema_ic,near_pa,correct_one_square_away,3_4,0.29051180981119,9.38006440613346e-08,0.16446314636833
5d776e2...,schema_ic,both,correct_one_square_away,all,0.121953142816606,8.16408519234177e-07,0.090040574760465
5d776e2...,schema_ic,far_pa,correct_one_square_away,all,0.152265085341616,2.12996971837137e-06,0.0623717017469829
5d776e2...,schema_ic,near_pa,correct_one_square_away,all,0.29051180981119,9.38006440613346e-08,0.16446314636833
5d776e2...,schema_ic,both,mouse_error,3_4,18554.2367552904,130.969387507039,0.00473859583194084
5d776e2...,schema_ic,far_pa,mouse_error,3_4,5163.85898197306,269.33776483573,0.117560644345839
5d776e2...,schema_ic,near_pa,mouse_error,3_4,29337.8848869735,185.322159158223,0.109731381236751
5d776e2...,schema_ic,both,mouse_error,all,6756.78088738217,241.430972732581,0.11570797107614
5d776e2...,schema_ic,far_pa,mouse_error,all,5163.85898197306,269.33776483573,0.117560644345839
5d776e2...,schema_ic,near_pa,mouse_error,all,29337.8848869735,185.322159158223,0.109731381236751
5dc983b...,landmark_schema,both,correct_exact,3_4,0.453942655813163,0.352366226682274,-0.0408859361273844
5dc983b...,landmark_schema,far_pa,correct_exact,3_4,0.210044910147395,0.25296666894748,-0.0338662024992419
5dc983b...,landmark_schema,near_pa,correct_exact,3_4,0.476166420352757,0.163922288039519,0.0318016901166314
5dc983b...,landmark_schema,both,correct_exact,all,0.186650291280971,0.223397412278321,-0.0127782863173087
5dc983b...,landmark_schema,far_pa,correct_exact,all,0.210044910147395,0.25296666894748,-0.0338662024992419
5dc983b...,landmark_schema,near_pa,correct_exact,all,0.476166420352757,0.163922288039519,0.0318016901166314
5dc983b...,landmark_schema,both,correct_one_square_away,3_4,0.277472421614613,0.77091160413463,-0.128677871079185
5dc983b...,landmark_schema,far_pa,correct_one_square_away,3_4,0.366626648473489,0.609305565619251,-0.0110467204179079
5dc983b...,landmark_schema,near_pa,correct_one_square_away,3_4,0.815597554391846,0.469756098976359,0.10899162537884
5dc983b...,landmark_schema,both,correct_one_square_away,all,0.324314505611158,0.556191272049363,0.0337642425848386
5dc983b...,landmark_schema,far_pa,correct_one_square_away,all,0.366626648473489,0.609305565619251,-0.0110467204179079
5dc983b...,landmark_schema,near_pa,correct_one_square_away,all,0.815597554391846,0.469756098976359,0.10899162537884
5dc983b...,landmark_schema,both,mouse_error,3_4,5586.08687614743,89.579968702151,0.0574946231096712
5dc983b...,landmark_schema,far_pa,mouse_error,3_4,12599.7096511969,105.315710792123,0.0559256762445551
5dc983b...,landmark_schema,near_pa,mouse_error,3_4,12414.3480935115,116.048278923026,0.165538041368848
5dc983b...,landmark_schema,both,mouse_error,all,11645.4606952018,109.230414936952,0.0898551115285308
5dc983b...,landmark_schema,far_pa,mouse_error,all,12599.7096511969,105.315710792123,0.0559256762445551
5dc983b...,landmark_schema,near_pa,mouse_error,all,12414.3480935115,116.048278923026,0.165538041368848
5dc983b...,no_schema,both,correct_exact,3_4,0.155865819952115,0.410019675348485,0.0764145800880667
5dc983b...,no_schema,both,correct_exact,all,0.0567359614671242,0.180742582542005,0.042886219123757
5dc983b...,no_schema,both,correct_one_square_away,3_4,0.222222222222222,0.333333335812528,18.2294377822902
5dc983b...,no_schema,both,correct_one_square_away,all,0.149078582893739,0.206651015269577,0.672885798326275
5dc983b...,no_schema,both,mouse_error,3_4,1808.53216230157,135.122197152958,1.16719197569552
5dc983b...,no_schema,both,mouse_error,all,3332.47580112806,134.130325147343,0.43052122714231
5dc983b...,random_locations,both,correct_exact,3_4,0.0808373141645837,0.109066322282977,-0.0205216841124543
5dc983b...,random_locations,both,correct_exact,all,0.038976902970113,0.0696823892740646,-0.0084144623576454
5dc983b...,random_locations,both,correct_one_square_away,3_4,1.06049236508762,0.561887411388227,-0.0578452451019666
5dc983b...,random_locations,both,correct_one_square_away,all,0.496351945253661,0.388393104113492,0.00351969959618092
5dc983b...,random_locations,both,mouse_error,3_4,21658.5379061471,127.887010968607,0.0741808316737669
5dc983b...,random_locations,both,mouse_error,all,12577.3796600594,154.04276786033,0.101801620805743
5dc983b...,schema_c,both,correct_exact,3_4,0.245920655838195,1.9434002734497e-06,0.0748943089211387
5dc983b...,schema_c,far_pa,correct_exact,3_4,0.0651945886631937,4.62273599910418e-07,0.103802610774291
5dc983b...,schema_c,near_pa,correct_exact,3_4,0.562573389095613,1.73216685517426e-06,0.12531315931119
5dc983b...,schema_c,both,correct_exact,all,0.0825555615015062,5.3308904156212e-06,0.11087059058249
5dc983b...,schema_c,far_pa,correct_exact,all,0.0651945886631937,4.62273599910418e-07,0.103802610774291
5dc983b...,schema_c,near_pa,correct_exact,all,0.562573389095613,1.73216685517426e-06,0.12531315931119
5dc983b...,schema_c,both,correct_one_square_away,3_4,0.37241307096226,0.313102474676088,0.0720931995171392
5dc983b...,schema_c,far_pa,correct_one_square_away,3_4,0.28665903474917,0.393816768942064,0.0388263531854864
5dc983b...,schema_c,near_pa,correct_one_square_away,3_4,0.514630358845997,0.178142283576832,0.29981967270341
5dc983b...,schema_c,both,correct_one_square_away,all,0.114888821251239,0.355245484772603,0.0912869170773774
5dc983b...,schema_c,far_pa,correct_one_square_away,all,0.28665903474917,0.393816768942064,0.0388263531854864
5dc983b...,schema_c,near_pa,correct_one_square_away,all,0.514630358845997,0.178142283576832,0.29981967270341
5dc983b...,schema_c,both,mouse_error,3_4,10821.8346729164,140.352997856865,0.131729015978491
5dc983b...,schema_c,far_pa,mouse_error,3_4,13231.6516965327,167.97149977907,0.194351405915315
5dc983b...,schema_c,near_pa,mouse_error,3_4,4476.00275153818,145.305309677376,0.3105128089911
5dc983b...,schema_c,both,mouse_error,all,7599.10989296324,160.086690641859,0.231093298402172
5dc983b...,schema_c,far_pa,mouse_error,all,13231.6516965327,167.97149977907,0.194351405915315
5dc983b...,schema_c,near_pa,mouse_error,all,4476.00275153818,145.305309677376,0.3105128089911
5dc983b...,schema_ic,both,correct_exact,3_4,0.428730152014246,0.0714767004133119,0.0393854649305559
5dc983b...,schema_ic,far_pa,correct_exact,3_4,0.080020397977099,0.125287376125741,-0.0195165604268875
5dc983b...,schema_ic,near_pa,correct_exact,3_4,0.428730152014246,0.0714767004133119,0.0393854649305559
5dc983b...,schema_ic,both,correct_exact,all,0.0519111287326755,0.111362509072931,-0.00230091236604454
5dc983b...,schema_ic,far_pa,correct_exact,all,0.080020397977099,0.125287376125741,-0.0195165604268875
5dc983b...,schema_ic,near_pa,correct_exact,all,0.428730152014246,0.0714767004133119,0.0393854649305559
5dc983b...,schema_ic,both,correct_one_square_away,3_4,0.7154348787663,0.072605701906614,0.269855245466812
5dc983b...,schema_ic,far_pa,correct_one_square_away,3_4,0.377263856665893,0.241063762875728,0.0933331275058706
5dc983b...,schema_ic,near_pa,correct_one_square_away,3_4,0.2673833983596,6.98436421042353e-08,0.247844697255008
5dc983b...,schema_ic,both,correct_one_square_away,all,0.121756189125204,0.126184211854478,0.157290148641348
5dc983b...,schema_ic,far_pa,correct_one_square_away,all,0.377263856665893,0.241063762875728,0.0933331275058706
5dc983b...,schema_ic,near_pa,correct_one_square_away,all,0.2673833983596,6.98436421042353e-08,0.247844697255008
5dc983b...,schema_ic,both,mouse_error,3_4,12666.7645033476,138.121084273198,0.114405165574679
5dc983b...,schema_ic,far_pa,mouse_error,3_4,7953.502803835,146.383780284081,0.0504881955286799
5dc983b...,schema_ic,near_pa,mouse_error,3_4,4324.77578031395,185.065423435724,0.26631287648204
5dc983b...,schema_ic,both,mouse_error,all,4030.57082393504,157.214120645016,0.107241419014184
5dc983b...,schema_ic,far_pa,mouse_error,all,7953.502803835,146.383780284081,0.0504881955286799
5dc983b...,schema_ic,near_pa,mouse_error,all,4324.77578031395,185.065423435724,0.26631287648204
5e8e505...,landmark_schema,both,correct_exact,3_4,1.36594162487199e-07,0.000204539803960305,-5.69852006444239e-05
5e8e505...,landmark_schema,far_pa,correct_exact,3_4,0.108854634355887,6.07967374974548e-07,0.0790821278095241
5e8e505...,landmark_schema,near_pa,correct_exact,3_4,0.182084972520389,0.16182468036499,-0.0312708011585575
5e8e505...,landmark_schema,both,correct_exact,all,0.0571042347480218,0.0353068387950752,0.043222814652836
5e8e505...,landmark_schema,far_pa,correct_exact,all,0.108854634355887,6.07967374974548e-07,0.0790821278095241
5e8e505...,landmark_schema,near_pa,correct_exact,all,0.182084972520389,0.16182468036499,-0.0312708011585575
5e8e505...,landmark_schema,both,correct_one_square_away,3_4,0.375000001835462,0.375022925165956,-3.91234955905101e-06
5e8e505...,landmark_schema,far_pa,correct_one_square_away,3_4,0.0988929417382871,0.354029904598792,0.15005622003262
5e8e505...,landmark_schema,near_pa,correct_one_square_away,3_4,0.434567404793358,0.094062592178215,0.155519127946122
5e8e505...,landmark_schema,both,correct_one_square_away,all,0.0789764919916356,0.267315214151904,0.15230206856874
5e8e505...,landmark_schema,far_pa,correct_one_square_away,all,0.0988929417382871,0.354029904598792,0.15005622003262
5e8e505...,landmark_schema,near_pa,correct_one_square_away,all,0.434567404793358,0.094062592178215,0.155519127946122
5e8e505...,landmark_schema,both,mouse_error,3_4,6206.6769457389,135.615292305095,0.153938685527809
5e8e505...,landmark_schema,far_pa,mouse_error,3_4,1631.5013254686,116.644418325876,0.224692806023928
5e8e505...,landmark_schema,near_pa,mouse_error,3_4,9892.83778202295,141.313670173612,0.119989701442399
5e8e505...,landmark_schema,both,mouse_error,all,655.794465983364,124.738970515165,0.173391538850818
5e8e505...,landmark_schema,far_pa,mouse_error,all,1631.5013254686,116.644418325876,0.224692806023928
5e8e505...,landmark_schema,near_pa,mouse_error,all,9892.83778202295,141.313670173612,0.119989701442399
5e8e505...,no_schema,both,correct_exact,3_4,0.365831239660268,0.0216626276672268,0.047143201951576
5e8e505...,no_schema,both,correct_exact,all,0.151735718712851,0.0254212111331962,0.0461150671384076
5e8e505...,no_schema,both,correct_one_square_away,3_4,0.0966243533603641,0.612341919751821,0.00954495753473122
5e8e505...,no_schema,both,correct_one_square_away,all,0.151835970243508,0.51815041673346,0.0427406261811812
5e8e505...,no_schema,both,mouse_error,3_4,3319.81112647359,101.799557440976,0.0155295154562261
5e8e505...,no_schema,both,mouse_error,all,4550.35080537819,99.1579602559654,-0.00782335486915263
5e8e505...,random_locations,both,correct_exact,3_4,1.36594162487199e-07,0.000204539803960305,-5.69852006444239e-05
5e8e505...,random_locations,both,correct_exact,all,0.109327005480823,0.00689117910103873,0.0372438247897282
5e8e505...,random_locations,both,correct_one_square_away,3_4,0.172921321247819,0.19760460892014,0.0555882451294163
5e8e505...,random_locations,both,correct_one_square_away,all,0.072528146459519,0.164890842346903,0.10028434587758
5e8e505...,random_locations,both,mouse_error,3_4,688.315156467588,109.097152565316,0.0395726143763633
5e8e505...,random_locations,both,mouse_error,all,636.343572350285,167.672855806345,0.146770998261252
5e8e505...,schema_c,both,correct_exact,3_4,0.0965323405888959,0.0271768006272374,0.00431247257432942
5e8e505...,schema_c,far_pa,correct_exact,3_4,0.0410120391300389,9.92168636428698e-07,0.0127385133417765
5e8e505...,schema_c,near_pa,correct_exact,3_4,0.217161320292324,0.0401621846599007,0.00676252795594819
5e8e505...,schema_c,both,correct_exact,all,0.031650115168304,1.37418890496495e-05,0.0134802434381347
5e8e505...,schema_c,far_pa,correct_exact,all,0.0410120391300389,9.92168636428698e-07,0.0127385133417765
5e8e505...,schema_c,near_pa,correct_exact,all,0.217161320292324,0.0401621846599007,0.00676252795594819
5e8e505...,schema_c,both,correct_one_square_away,3_4,0.113097586381943,0.0895598289883769,0.142698760977912
5e8e505...,schema_c,far_pa,correct_one_square_away,3_4,0.10369303313218,0.297785647921489,0.0340487269349374
5e8e505...,schema_c,near_pa,correct_one_square_away,3_4,0.349116672674044,0.28070733275526,0.0415535675075527
5e8e505...,schema_c,both,correct_one_square_away,all,0.019031998141855,0.292887449979661,0.0362110202559554
5e8e505...,schema_c,far_pa,correct_one_square_away,all,0.10369303313218,0.297785647921489,0.0340487269349374
5e8e505...,schema_c,near_pa,correct_one_square_away,all,0.349116672674044,0.28070733275526,0.0415535675075527
5e8e505...,schema_c,both,mouse_error,3_4,7663.73075884281,144.231314341998,0.0590865248503707
5e8e505...,schema_c,far_pa,mouse_error,3_4,5943.16835016287,119.056552649277,0.00462596494445616
5e8e505...,schema_c,near_pa,mouse_error,3_4,9476.48708700597,139.770450244047,0.0205847228497446
5e8e505...,schema_c,both,mouse_error,all,4599.74941474529,125.525790366737,0.0103057663133812
5e8e505...,schema_c,far_pa,mouse_error,all,5943.16835016287,119.056552649277,0.00462596494445616
5e8e505...,schema_c,near_pa,mouse_error,all,9476.48708700597,139.770450244047,0.0205847228497446
5e8e505...,schema_ic,both,correct_exact,3_4,0.182084972520389,0.16182468036499,-0.0312708011585575
5e8e505...,schema_ic,far_pa,correct_exact,3_4,0.375000010461719,0.124983494282604,-5.77847255063459e-06
5e8e505...,schema_ic,near_pa,correct_exact,3_4,1.36594162487199e-07,0.000204539803960305,-5.69852006444239e-05
5e8e505...,schema_ic,both,correct_exact,all,0.166666669105838,0.0833078024165994,8.23199318098076e-06
5e8e505...,schema_ic,far_pa,correct_exact,all,0.375000010461719,0.124983494282604,-5.77847255063459e-06
5e8e505...,schema_ic,near_pa,correct_exact,all,1.36594162487199e-07,0.000204539803960305,-5.69852006444239e-05
5e8e505...,schema_ic,both,correct_one_square_away,3_4,0.446509117868675,0.119327507882552,0.0475840466760563
5e8e505...,schema_ic,far_pa,correct_one_square_away,3_4,0.334456538335878,0.135651279036733,0.240393892107656
5e8e505...,schema_ic,near_pa,correct_one_square_away,3_4,0.382412154468002,0.128902239221496,0.0721146412829693
5e8e505...,schema_ic,both,correct_one_square_away,all,0.203882472208188,0.13718042886245,0.167615092633051
5e8e505...,schema_ic,far_pa,correct_one_square_away,all,0.334456538335878,0.135651279036733,0.240393892107656
5e8e505...,schema_ic,near_pa,correct_one_square_away,all,0.382412154468002,0.128902239221496,0.0721146412829693
5e8e505...,schema_ic,both,mouse_error,3_4,16168.1435261843,150.009943476977,0.0594503578152276
5e8e505...,schema_ic,far_pa,mouse_error,3_4,5198.12382695662,177.184267335265,0.323267004796734
5e8e505...,schema_ic,near_pa,mouse_error,3_4,20611.6862888984,166.633650873746,0.0956246035262846
5e8e505...,schema_ic,both,mouse_error,all,6361.17365418647,171.302482187439,0.216932073233147
5e8e505...,schema_ic,far_pa,mouse_error,all,5198.12382695662,177.184267335265,0.323267004796734
5e8e505...,schema_ic,near_pa,mouse_error,all,20611.6862888984,166.633650873746,0.0956246035262846
5f57c4a...,landmark_schema,both,correct_exact,3_4,1.36594162487199e-07,0.000204539803960305,-5.69852006444239e-05
5f57c4a...,landmark_schema,far_pa,correct_exact,3_4,0.0454878440386941,2.45130613414244e-06,0.0346708034177937
5f57c4a...,landmark_schema,near_pa,correct_exact,3_4,1.36594162487199e-07,0.000204539803960305,-5.69852006444239e-05
5f57c4a...,landmark_schema,both,correct_exact,all,0.0198037927751622,3.95370098188095e-06,0.0226708921956225
5f57c4a...,landmark_schema,far_pa,correct_exact,all,0.0454878440386941,2.45130613414244e-06,0.0346708034177937
5f57c4a...,landmark_schema,near_pa,correct_exact,all,1.36594162487199e-07,0.000204539803960305,-5.69852006444239e-05
5f57c4a...,landmark_schema,both,correct_one_square_away,3_4,0.212491020804277,2.93926720702454e-06,0.0505356997523032
5f57c4a...,landmark_schema,far_pa,correct_one_square_away,3_4,0.15728259515042,0.127158504044553,0.184180300764073
5f57c4a...,landmark_schema,near_pa,correct_one_square_away,3_4,0.64462274050257,8.91221860074569e-07,0.0777121474665178
5f57c4a...,landmark_schema,both,correct_one_square_away,all,0.149480848832286,0.0415870971179164,0.146674594704964
5f57c4a...,landmark_schema,far_pa,correct_one_square_away,all,0.15728259515042,0.127158504044553,0.184180300764073
5f57c4a...,landmark_schema,near_pa,correct_one_square_away,all,0.64462274050257,8.91221860074569e-07,0.0777121474665178
5f57c4a...,landmark_schema,both,mouse_error,3_4,14801.9450343433,256.168889365953,0.124943114460459
5f57c4a...,landmark_schema,far_pa,mouse_error,3_4,8559.51681803378,231.254336616313,0.278399217078255
5f57c4a...,landmark_schema,near_pa,mouse_error,3_4,12674.9082778385,260.993395673039,0.15198822124537
5f57c4a...,landmark_schema,both,mouse_error,all,6857.17171594971,236.60625585569,0.213780267591
5f57c4a...,landmark_schema,far_pa,mouse_error,all,8559.51681803378,231.254336616313,0.278399217078255
5f57c4a...,landmark_schema,near_pa,mouse_error,all,12674.9082778385,260.993395673039,0.15198822124537
5f57c4a...,no_schema,both,correct_exact,3_4,0.188906817499116,0.124718751303588,0.0294300053030018
5f57c4a...,no_schema,both,correct_exact,all,0.150547220495234,0.0711567157188872,0.0558982068497546
5f57c4a...,no_schema,both,correct_one_square_away,3_4,0.458715888311193,0.487048980172946,0.200823373796157
5f57c4a...,no_schema,both,correct_one_square_away,all,0.111954004975625,0.269527605232875,0.38052595821655
5f57c4a...,no_schema,both,mouse_error,3_4,9197.37318722326,151.705171934113,0.236021719020974
5f57c4a...,no_schema,both,mouse_error,all,2914.92601562599,151.152945103484,0.230030349651189
5f57c4a...,random_locations,both,correct_exact,3_4,0.223102990358348,0.0141266391263327,0.0831980203336568
5f57c4a...,random_locations,both,correct_exact,all,0.0378543643340196,1.23679636220158e-07,0.0846150286495681
5f57c4a...,random_locations,both,correct_one_square_away,3_4,0.440502804475087,0.0276244235528794,0.465585098100404
5f57c4a...,random_locations,both,correct_one_square_away,all,0.114306842166422,2.73039015309319e-06,0.446913742205352
5f57c4a...,random_locations,both,mouse_error,3_4,2697.97587169608,133.859356652119,0.302117504798443
5f57c4a...,random_locations,both,mouse_error,all,842.39073954339,155.521261603624,0.292935404598868
5f57c4a...,schema_c,both,correct_exact,3_4,1.36594162487199e-07,0.000204539803960305,-5.69852006444239e-05
5f57c4a...,schema_c,far_pa,correct_exact,3_4,1.36594162487199e-07,0.000204539803960305,-5.69852006444239e-05
5f57c4a...,schema_c,near_pa,correct_exact,3_4,1.36594162487199e-07,0.000204539803960305,-5.69852006444239e-05
5f57c4a...,schema_c,both,correct_exact,all,1.36594162487199e-07,0.000204539803960305,-5.69852006444239e-05
5f57c4a...,schema_c,far_pa,correct_exact,all,1.36594162487199e-07,0.000204539803960305,-5.69852006444239e-05
5f57c4a...,schema_c,near_pa,correct_exact,all,1.36594162487199e-07,0.000204539803960305,-5.69852006444239e-05
5f57c4a...,schema_c,both,correct_one_square_away,3_4,0.203070289424482,0.244589703259588,-0.0132776000671669
5f57c4a...,schema_c,far_pa,correct_one_square_away,3_4,0.342060235243398,0.242441422558703,0.0900240007267914
5f57c4a...,schema_c,near_pa,correct_one_square_away,3_4,0.420535015164964,0.380193004259172,-0.0528073213865844
5f57c4a...,schema_c,both,correct_one_square_away,all,0.299215553453826,0.301553746103984,0.032403398465218
5f57c4a...,schema_c,far_pa,correct_one_square_away,all,0.342060235243398,0.242441422558703,0.0900240007267914
5f57c4a...,schema_c,near_pa,correct_one_square_away,all,0.420535015164964,0.380193004259172,-0.0528073213865844
5f57c4a...,schema_c,both,mouse_error,3_4,3445.0422597401,131.009377157054,0.0581860187067212
5f57c4a...,schema_c,far_pa,mouse_error,3_4,11847.3113712659,154.693331385086,0.124008904759373
5f57c4a...,schema_c,near_pa,mouse_error,3_4,7382.1195857222,119.586455061805,0.0358730912416777
5f57c4a...,schema_c,both,mouse_error,all,5671.99511071587,141.222628333815,0.0910410916943143
5f57c4a...,schema_c,far_pa,mouse_error,all,11847.3113712659,154.693331385086,0.124008904759373
5f57c4a...,schema_c,near_pa,mouse_error,all,7382.1195857222,119.586455061805,0.0358730912416777
5f57c4a...,schema_ic,both,correct_exact,3_4,0.349116672674044,0.28070733275526,0.0415535675075527
5f57c4a...,schema_ic,far_pa,correct_exact,3_4,0.0921687861487379,0.165220317533266,0.00778201266539072
5f57c4a...,schema_ic,near_pa,correct_exact,3_4,0.404315116492256,0.0521279196009328,0.0453765522306094
5f57c4a...,schema_ic,both,correct_exact,all,0.0665261864599955,0.123917516465415,0.0218859163514933
5f57c4a...,schema_ic,far_pa,correct_exact,all,0.0921687861487379,0.165220317533266,0.00778201266539072
5f57c4a...,schema_ic,near_pa,correct_exact,all,0.404315116492256,0.0521279196009328,0.0453765522306094
5f57c4a...,schema_ic,both,correct_one_square_away,3_4,0.81777157330574,0.213896793569438,0.148397039789706
5f57c4a...,schema_ic,far_pa,correct_one_square_away,3_4,0.423390829153683,0.205374380800639,0.174221614516282
5f57c4a...,schema_ic,near_pa,correct_one_square_away,3_4,0.674394812512749,0.125878755860322,0.187057954659321
5f57c4a...,schema_ic,both,correct_one_square_away,all,0.46814815888563,0.179086984648642,0.178536370365956
5f57c4a...,schema_ic,far_pa,correct_one_square_away,all,0.423390829153683,0.205374380800639,0.174221614516282
5f57c4a...,schema_ic,near_pa,correct_one_square_away,all,0.674394812512749,0.125878755860322,0.187057954659321
5f57c4a...,schema_ic,both,mouse_error,3_4,9628.60725122798,137.4574760862,0.154797860863288
5f57c4a...,schema_ic,far_pa,mouse_error,3_4,10120.4206963902,204.098306041552,0.330666092750581
5f57c4a...,schema_ic,near_pa,mouse_error,3_4,3997.32095476463,173.470837070306,0.186369880436568
5f57c4a...,schema_ic,both,mouse_error,all,5921.63954623716,192.779214320467,0.26605201539712
5f57c4a...,schema_ic,far_pa,mouse_error,all,10120.4206963902,204.098306041552,0.330666092750581
5f57c4a...,schema_ic,near_pa,mouse_error,all,3997.32095476463,173.470837070306,0.186369880436568
5f91927...,landmark_schema,both,correct_exact,3_4,1.25219150756658,0.557121328346535,-0.114462067220769
5f91927...,landmark_schema,far_pa,correct_exact,3_4,0.343884272957787,0.136610772662242,0.100066399326897
5f91927...,landmark_schema,near_pa,correct_exact,3_4,0.953329829573988,0.257821460036443,-0.0253239075648522
5f91927...,landmark_schema,both,correct_exact,all,0.472169981243401,0.177456890419124,0.0535718977823854
5f91927...,landmark_schema,far_pa,correct_exact,all,0.343884272957787,0.136610772662242,0.100066399326897
5f91927...,landmark_schema,near_pa,correct_exact,all,0.953329829573988,0.257821460036443,-0.0253239075648522
5f91927...,landmark_schema,both,correct_one_square_away,3_4,0,0.5,36.7875092041563
5f91927...,landmark_schema,far_pa,correct_one_square_away,3_4,3.08148791101958e-33,0.25,36.5510319685923
5f91927...,landmark_schema,near_pa,correct_one_square_away,3_4,0.173152809619074,0.383166498342565,0.305034527134748
5f91927...,landmark_schema,both,correct_one_square_away,all,0.0287303758335444,0.358036949728806,0.873806252735149
5f91927...,landmark_schema,far_pa,correct_one_square_away,all,3.08148791101958e-33,0.25,36.5510319685923
5f91927...,landmark_schema,near_pa,correct_one_square_away,all,0.173152809619074,0.383166498342565,0.305034527134748
5f91927...,landmark_schema,both,mouse_error,3_4,3684.29838354378,43.8706325592439,0.0761033100799837
5f91927...,landmark_schema,far_pa,mouse_error,3_4,4165.10790249853,187.714134358501,1.26015876416805
5f91927...,landmark_schema,near_pa,mouse_error,3_4,3082.95893581932,84.6238253417801,0.125533416924245
5f91927...,landmark_schema,both,mouse_error,all,3730.84081002426,129.199696361878,0.399842908669237
5f91927...,landmark_schema,far_pa,mouse_error,all,4165.10790249853,187.714134358501,1.26015876416805
5f91927...,landmark_schema,near_pa,mouse_error,all,3082.95893581932,84.6238253417801,0.125533416924245
5f91927...,no_schema,both,correct_exact,3_4,0.142101311274943,2.78581028375385e-05,0.025882224801244
5f91927...,no_schema,both,correct_exact,all,0.106596168846726,6.71265005746494e-07,0.0450931225134065
5f91927...,no_schema,both,correct_one_square_away,3_4,0.269817137194203,4.56971329833875e-08,0.654057895957106
5f91927...,no_schema,both,correct_one_square_away,all,0.16053949474731,0.00207737696670767,0.417804656716979
5f91927...,no_schema,both,mouse_error,3_4,3132.74012456335,165.463831981268,0.418077953571244
5f91927...,no_schema,both,mouse_error,all,3280.2917244611,215.536250425398,0.344611578793249
5f91927...,random_locations,both,correct_exact,3_4,0.412226165081793,0.0463018029275227,0.0251131109354818
5f91927...,random_locations,both,correct_exact,all,0.203797453469024,0.0875018209866521,0.026514739592749
5f91927...,random_locations,both,correct_one_square_away,3_4,0.384862782208227,0.139156702145076,0.252233652437313
5f91927...,random_locations,both,correct_one_square_away,all,0.183522378005713,0.202227975228246,0.291308363493735
5f91927...,random_locations,both,mouse_error,3_4,7032.00477833044,155.608535174163,0.272460910333619
5f91927...,random_locations,both,mouse_error,all,4155.48888150523,121.056364072544,0.217200120436789
5f91927...,schema_c,both,correct_exact,3_4,0.31247200192893,0.241959264755859,0.0197171109179548
5f91927...,schema_c,far_pa,correct_exact,3_4,0.246757335959873,7.41647527752389e-06,0.0770097970936137
5f91927...,schema_c,near_pa,correct_exact,3_4,0.836751767594924,0.502587882214202,-0.061368957360808
5f91927...,schema_c,both,correct_exact,all,0.155208056045665,0.122973356855344,0.0551718869152681
5f91927...,schema_c,far_pa,correct_exact,all,0.246757335959873,7.41647527752389e-06,0.0770097970936137
5f91927...,schema_c,near_pa,correct_exact,all,0.836751767594924,0.502587882214202,-0.061368957360808
5f91927...,schema_c,both,correct_one_square_away,3_4,0.310540561426211,0.103483463278367,0.354129617818385
5f91927...,schema_c,far_pa,correct_one_square_away,3_4,0.462273248399597,0.139860949359782,0.426594668453268
5f91927...,schema_c,near_pa,correct_one_square_away,3_4,0.207988047980399,0.0156932370268055,0.692861577948324
5f91927...,schema_c,both,correct_one_square_away,all,0.224064227540556,0.102919618660486,0.497880988236009
5f91927...,schema_c,far_pa,correct_one_square_away,all,0.462273248399597,0.139860949359782,0.426594668453268
5f91927...,schema_c,near_pa,correct_one_square_away,all,0.207988047980399,0.0156932370268055,0.692861577948324
5f91927...,schema_c,both,mouse_error,3_4,4748.96701412444,207.455349407856,0.492249587349975
5f91927...,schema_c,far_pa,mouse_error,3_4,9362.92598355401,195.142142052264,0.390658730639174
5f91927...,schema_c,near_pa,mouse_error,3_4,3546.91462674616,192.523334214976,0.781690556977569
5f91927...,schema_c,both,mouse_error,all,4997.15852235876,189.68327036091,0.444825399410307
5f91927...,schema_c,far_pa,mouse_error,all,9362.92598355401,195.142142052264,0.390658730639174
5f91927...,schema_c,near_pa,mouse_error,all,3546.91462674616,192.523334214976,0.781690556977569
5f91927...,schema_ic,both,correct_exact,3_4,0.33687369894174,0.00413325414992706,0.0871385918604208
5f91927...,schema_ic,far_pa,correct_exact,3_4,0.374046108214173,9.31917746135135e-07,0.0709816137484445
5f91927...,schema_ic,near_pa,correct_exact,3_4,0.33687369894174,0.00413325414992706,0.0871385918604208
5f91927...,schema_ic,both,correct_exact,all,0.282152749690194,1.17272138419605e-06,0.0761234278976912
5f91927...,schema_ic,far_pa,correct_exact,all,0.374046108214173,9.31917746135135e-07,0.0709816137484445
5f91927...,schema_ic,near_pa,correct_exact,all,0.33687369894174,0.00413325414992706,0.0871385918604208
5f91927...,schema_ic,both,correct_one_square_away,3_4,0.0781185536192944,0.4375180174099,0.692934414427803
5f91927...,schema_ic,far_pa,correct_one_square_away,3_4,0.124116748896639,2.93185628981403e-05,0.803202640235389
5f91927...,schema_ic,near_pa,correct_one_square_away,3_4,0.42662068941456,0.230490441438069,0.400023173641782
5f91927...,schema_ic,both,correct_one_square_away,all,0.0664023629566093,0.11768777179118,0.55954231157685
5f91927...,schema_ic,far_pa,correct_one_square_away,all,0.124116748896639,2.93185628981403e-05,0.803202640235389
5f91927...,schema_ic,near_pa,correct_one_square_away,all,0.42662068941456,0.230490441438069,0.400023173641782
5f91927...,schema_ic,both,mouse_error,3_4,1131.29148534874,76.5106944415974,0.234897340142919
5f91927...,schema_ic,far_pa,mouse_error,3_4,2211.70331161046,148.950871470567,0.390717014975389
5f91927...,schema_ic,near_pa,mouse_error,3_4,3304.76585765589,128.150785745934,0.239852386697591
5f91927...,schema_ic,both,mouse_error,all,1132.78243929681,139.266939020488,0.318832682136516
5f91927...,schema_ic,far_pa,mouse_error,all,2211.70331161046,148.950871470567,0.390717014975389
5f91927...,schema_ic,near_pa,mouse_error,all,3304.76585765589,128.150785745934,0.239852386697591
6047ae5...,landmark_schema,both,correct_exact,3_4,0.217161314492252,0.0846222787712443,-0.00678678780283992
6047ae5...,landmark_schema,far_pa,correct_exact,3_4,0.192235281965063,0.277440738393396,-0.0326520708190894
6047ae5...,landmark_schema,near_pa,correct_exact,3_4,0.455126503373037,0.122444002202972,0.0223974516201995
6047ae5...,landmark_schema,both,correct_exact,all,0.186514687464346,0.224423944090148,-0.01315554370717
6047ae5...,landmark_schema,far_pa,correct_exact,all,0.192235281965063,0.277440738393396,-0.0326520708190894
6047ae5...,landmark_schema,near_pa,correct_exact,all,0.455126503373037,0.122444002202972,0.0223974516201995
6047ae5...,landmark_schema,both,correct_one_square_away,3_4,0.571159134203212,4.0235569482506e-07,0.378750909033318
6047ae5...,landmark_schema,far_pa,correct_one_square_away,3_4,0.230613916552695,0.074447959881307,0.283728501205874
6047ae5...,landmark_schema,near_pa,correct_one_square_away,3_4,0.249253575612849,8.73049568350531e-08,0.479130805586379
6047ae5...,landmark_schema,both,correct_one_square_away,all,0.178220830814198,0.00694335414953928,0.355117137976609
6047ae5...,landmark_schema,far_pa,correct_one_square_away,all,0.230613916552695,0.074447959881307,0.283728501205874
6047ae5...,landmark_schema,near_pa,correct_one_square_away,all,0.249253575612849,8.73049568350531e-08,0.479130805586379
6047ae5...,landmark_schema,both,mouse_error,3_4,2557.22573058575,151.723039841724,0.251311720033956
6047ae5...,landmark_schema,far_pa,mouse_error,3_4,4360.62294176506,191.814900658807,0.21677019435844
6047ae5...,landmark_schema,near_pa,mouse_error,3_4,2884.25632008868,121.394382138899,0.208933796330304
6047ae5...,landmark_schema,both,mouse_error,all,2530.24499133367,171.041313871046,0.219497993897496
6047ae5...,landmark_schema,far_pa,mouse_error,all,4360.62294176506,191.814900658807,0.21677019435844
6047ae5...,landmark_schema,near_pa,mouse_error,all,2884.25632008868,121.394382138899,0.208933796330304
6047ae5...,no_schema,both,correct_exact,3_4,0.280100795565074,1.69011419053428e-06,0.0496120500464126
6047ae5...,no_schema,both,correct_exact,all,0.0984442100773143,0.0387634522987336,0.0346269958222548
6047ae5...,no_schema,both,correct_one_square_away,3_4,0.193885315952859,0.00106398628186584,0.565821353436283
6047ae5...,no_schema,both,correct_one_square_away,all,0.0529226205986,0.00306674685386007,1.11458061661694
6047ae5...,no_schema,both,mouse_error,3_4,1773.55321469228,121.684535724628,0.217488395987894
6047ae5...,no_schema,both,mouse_error,all,2852.43411937723,108.726863115243,0.238966888265406
6047ae5...,random_locations,both,correct_exact,3_4,0.281318024771397,5.83082437325614e-06,0.0491807021200657
6047ae5...,random_locations,both,correct_exact,all,0.0882322533502735,0.00445322169725659,0.0607899467525203
6047ae5...,random_locations,both,correct_one_square_away,3_4,0.203142638014701,0.00825605162067214,0.265604439727065
6047ae5...,random_locations,both,correct_one_square_away,all,0.0506801333830983,8.16019140434699e-06,0.406968911959406
6047ae5...,random_locations,both,mouse_error,3_4,3053.48849836318,152.986438652244,0.164027105219395
6047ae5...,random_locations,both,mouse_error,all,791.99480164595,158.931123784396,0.245296393657163
6047ae5...,schema_c,both,correct_exact,3_4,0.422002653523352,0.0860188106303421,0.026881402516901
6047ae5...,schema_c,far_pa,correct_exact,3_4,0.432464298407751,0.0258997394153749,0.0659671773824061
6047ae5...,schema_c,near_pa,correct_exact,3_4,0.951531340984873,0.132200915047473,0.0429277571303318
6047ae5...,schema_c,both,correct_exact,all,0.180537065706893,0.0620737619239645,0.058345960814622
6047ae5...,schema_c,far_pa,correct_exact,all,0.432464298407751,0.0258997394153749,0.0659671773824061
6047ae5...,schema_c,near_pa,correct_exact,all,0.951531340984873,0.132200915047473,0.0429277571303318
6047ae5...,schema_c,both,correct_one_square_away,3_4,0.62340726997055,0.565993355773389,0.0775089778006077
6047ae5...,schema_c,far_pa,correct_one_square_away,3_4,0.25,5.47739262180903e-10,18.4860715034768
6047ae5...,schema_c,near_pa,correct_one_square_away,3_4,0.461463549620873,0.775739276246235,0.051422965728748
6047ae5...,schema_c,both,correct_one_square_away,all,0.231019196598022,0.5070243986255,0.270048366569517
6047ae5...,schema_c,far_pa,correct_one_square_away,all,0.25,5.47739262180903e-10,18.4860715034768
6047ae5...,schema_c,near_pa,correct_one_square_away,all,0.461463549620873,0.775739276246235,0.051422965728748
6047ae5...,schema_c,both,mouse_error,3_4,3925.99990507431,71.0172643021632,0.0498597331635613
6047ae5...,schema_c,far_pa,mouse_error,3_4,3944.67746401602,104.844162143568,0.220223714552159
6047ae5...,schema_c,near_pa,mouse_error,3_4,7587.28695385415,68.0860006267682,0.0557892142039092
6047ae5...,schema_c,both,mouse_error,all,1317.47235556852,77.891464831778,0.11403597193376
6047ae5...,schema_c,far_pa,mouse_error,all,3944.67746401602,104.844162143568,0.220223714552159
6047ae5...,schema_c,near_pa,mouse_error,all,7587.28695385415,68.0860006267682,0.0557892142039092
6047ae5...,schema_ic,both,correct_exact,3_4,0.817173786930818,0.525861213452822,-0.09774773649856
6047ae5...,schema_ic,far_pa,correct_exact,3_4,0.616595965655776,0.389630854390752,0.00795965880004223
6047ae5...,schema_ic,near_pa,correct_exact,3_4,1.19769858716,0.594401272961439,-0.112843101034361
6047ae5...,schema_ic,both,correct_exact,all,0.58838808670187,0.482463105027181,-0.0424715545498701
6047ae5...,schema_ic,far_pa,correct_exact,all,0.616595965655776,0.389630854390752,0.00795965880004223
6047ae5...,schema_ic,near_pa,correct_exact,all,1.19769858716,0.594401272961439,-0.112843101034361
6047ae5...,schema_ic,both,correct_one_square_away,3_4,0.287591493195843,1.20662826485395e-07,0.978389952856681
6047ae5...,schema_ic,far_pa,correct_one_square_away,3_4,0.15917030551659,5.04225162859841e-08,0.945088608468899
6047ae5...,schema_ic,near_pa,correct_one_square_away,3_4,3.92083593183322e-27,4.20220011331193e-18,30.4018452512684
6047ae5...,schema_ic,both,correct_one_square_away,all,0.0644689674796898,6.63455274255717e-06,1.27618842275168
6047ae5...,schema_ic,far_pa,correct_one_square_away,all,0.15917030551659,5.04225162859841e-08,0.945088608468899
6047ae5...,schema_ic,near_pa,correct_one_square_away,all,3.92083593183322e-27,4.20220011331193e-18,30.4018452512684
6047ae5...,schema_ic,both,mouse_error,3_4,6990.76606462404,162.576232482597,0.756112968267993
6047ae5...,schema_ic,far_pa,mouse_error,3_4,5941.60762685961,115.977087608771,0.334340283306781
6047ae5...,schema_ic,near_pa,mouse_error,3_4,5459.38996765148,149.174117563564,2.10953635152348
6047ae5...,schema_ic,both,mouse_error,all,4523.98977018199,120.022016675447,0.42166489962272
6047ae5...,schema_ic,far_pa,mouse_error,all,5941.60762685961,115.977087608771,0.334340283306781
6047ae5...,schema_ic,near_pa,mouse_error,all,5459.38996765148,149.174117563564,2.10953635152348
604fa68...,landmark_schema,both,correct_exact,3_4,1.36594162487199e-07,0.000204539803960305,-5.69852006444239e-05
604fa68...,landmark_schema,far_pa,correct_exact,3_4,0.0879688385564403,0.146440623298893,0.0142424035947623
604fa68...,landmark_schema,near_pa,correct_exact,3_4,0.428730152014246,0.0714767004133119,0.0393854649305559
604fa68...,landmark_schema,both,correct_exact,all,0.121969677757546,0.123415372956513,0.0220499244978417
604fa68...,landmark_schema,far_pa,correct_exact,all,0.0879688385564403,0.146440623298893,0.0142424035947623
604fa68...,landmark_schema,near_pa,correct_exact,all,0.428730152014246,0.0714767004133119,0.0393854649305559
604fa68...,landmark_schema,both,correct_one_square_away,3_4,0.812330957052379,3.70740027112277e-07,0.161649861301212
604fa68...,landmark_schema,far_pa,correct_one_square_away,3_4,0.266691278972753,0.313498203816561,0.0968329744231231
604fa68...,landmark_schema,near_pa,correct_one_square_away,3_4,0.247025895586791,0.0663911782965206,0.341708054654204
604fa68...,landmark_schema,both,correct_one_square_away,all,0.204069602344701,0.251250341168975,0.157591182473297
604fa68...,landmark_schema,far_pa,correct_one_square_away,all,0.266691278972753,0.313498203816561,0.0968329744231231
604fa68...,landmark_schema,near_pa,correct_one_square_away,all,0.247025895586791,0.0663911782965206,0.341708054654204
604fa68...,landmark_schema,both,mouse_error,3_4,4618.024053051,196.400370908319,0.193064459950708
604fa68...,landmark_schema,far_pa,mouse_error,3_4,9225.41871609699,165.099364132549,0.145291078887913
604fa68...,landmark_schema,near_pa,mouse_error,3_4,1777.78380731937,177.407068023252,0.243513199459723
604fa68...,landmark_schema,both,mouse_error,all,3731.49852689641,168.891229303905,0.177202552777423
604fa68...,landmark_schema,far_pa,mouse_error,all,9225.41871609699,165.099364132549,0.145291078887913
604fa68...,landmark_schema,near_pa,mouse_error,all,1777.78380731937,177.407068023252,0.243513199459723
604fa68...,no_schema,both,correct_exact,3_4,0.143252426740186,0.163138640932991,-0.02555058506332
604fa68...,no_schema,both,correct_exact,all,0.0796965361484727,0.138895876558761,0.00231175703644095
604fa68...,no_schema,both,correct_one_square_away,3_4,0.241406649866351,0.216591484168019,0.0678503033560262
604fa68...,no_schema,both,correct_one_square_away,all,0.206451772548989,0.257265264426677,0.0733013676865445
604fa68...,no_schema,both,mouse_error,3_4,1492.44120819413,123.075620382388,0.048381334319403
604fa68...,no_schema,both,mouse_error,all,4978.4255685245,136.44205926433,0.051862915076778
604fa68...,random_locations,both,correct_exact,3_4,1.36594162487199e-07,0.000204539803960305,-5.69852006444239e-05
604fa68...,random_locations,both,correct_exact,all,0.0639489704817037,0.0220580345149252,0.0326042653499461
604fa68...,random_locations,both,correct_one_square_away,3_4,0.291308505880481,1.86296819219202e-05,0.0702941523688101
604fa68...,random_locations,both,correct_one_square_away,all,0.13799902802021,0.145578017911111,0.147850552391085
604fa68...,random_locations,both,mouse_error,3_4,5003.41976283363,168.529951992541,0.0502273108421532
604fa68...,random_locations,both,mouse_error,all,8842.87084115364,194.446956158495,0.183393616226134
604fa68...,schema_c,both,correct_exact,3_4,0.143826941397925,0.128287030910723,0.125246873005671
604fa68...,schema_c,far_pa,correct_exact,3_4,0.0512693367552856,8.08562326497584e-06,0.0241891378929724
604fa68...,schema_c,near_pa,correct_exact,3_4,0.393064927945468,0.203442127131118,0.244655827512663
604fa68...,schema_c,both,correct_exact,all,0.0642250818255773,0.0262262926280512,0.0788778982301664
604fa68...,schema_c,far_pa,correct_exact,all,0.0512693367552856,8.08562326497584e-06,0.0241891378929724
604fa68...,schema_c,near_pa,correct_exact,all,0.393064927945468,0.203442127131118,0.244655827512663
604fa68...,schema_c,both,correct_one_square_away,3_4,0.503132217342408,0.332484000477415,0.11429563818434
604fa68...,schema_c,far_pa,correct_one_square_away,3_4,0.303876003423138,0.025326326396315,0.122362675424665
604fa68...,schema_c,near_pa,correct_one_square_away,3_4,0.590808671067545,0.295808282284814,0.274515612405557
604fa68...,schema_c,both,correct_one_square_away,all,0.31762058488521,0.119997937433072,0.153132463885849
604fa68...,schema_c,far_pa,correct_one_square_away,all,0.303876003423138,0.025326326396315,0.122362675424665
604fa68...,schema_c,near_pa,correct_one_square_away,all,0.590808671067545,0.295808282284814,0.274515612405557
604fa68...,schema_c,both,mouse_error,3_4,8449.51807630796,126.377865524161,0.105431409984078
604fa68...,schema_c,far_pa,mouse_error,3_4,25063.3730202881,208.007419336769,0.11740108402083
604fa68...,schema_c,near_pa,mouse_error,3_4,13194.9639755984,152.712913678033,0.264237326380217
604fa68...,schema_c,both,mouse_error,all,11863.2051124592,183.858031317044,0.148702429767517
604fa68...,schema_c,far_pa,mouse_error,all,25063.3730202881,208.007419336769,0.11740108402083
604fa68...,schema_c,near_pa,mouse_error,all,13194.9639755984,152.712913678033,0.264237326380217
604fa68...,schema_ic,both,correct_exact,3_4,0.348370091276972,0.215450538042663,-0.0304148620254093
604fa68...,schema_ic,far_pa,correct_exact,3_4,0.0921824873738982,0.0404366515105814,0.00668403733336304
604fa68...,schema_ic,near_pa,correct_exact,3_4,0.279878657573714,0.0497408194263684,0.100299480038229
604fa68...,schema_ic,both,correct_exact,all,0.10599672204123,0.047963547899415,0.0317841936712649
604fa68...,schema_ic,far_pa,correct_exact,all,0.0921824873738982,0.0404366515105814,0.00668403733336304
604fa68...,schema_ic,near_pa,correct_exact,all,0.279878657573714,0.0497408194263684,0.100299480038229
604fa68...,schema_ic,both,correct_one_square_away,3_4,0.678992520906526,0.583947367939164,-0.129689798320739
604fa68...,schema_ic,far_pa,correct_one_square_away,3_4,0.295455784507179,0.415487470696665,0.0278863268079464
604fa68...,schema_ic,near_pa,correct_one_square_away,3_4,0.707871072331826,0.48676320528707,-0.025789703395583
604fa68...,schema_ic,both,correct_one_square_away,all,0.207725159944254,0.445448550822857,0.00673272621358118
604fa68...,schema_ic,far_pa,correct_one_square_away,all,0.295455784507179,0.415487470696665,0.0278863268079464
604fa68...,schema_ic,near_pa,correct_one_square_away,all,0.707871072331826,0.48676320528707,-0.025789703395583
604fa68...,schema_ic,both,mouse_error,3_4,10346.1986179194,88.0145217286168,-0.0129778270751679
604fa68...,schema_ic,far_pa,mouse_error,3_4,25135.6951931791,163.97600917656,0.165375476523428
604fa68...,schema_ic,near_pa,mouse_error,3_4,23009.7754320961,105.158724021132,0.0324476025981877
604fa68...,schema_ic,both,mouse_error,all,11505.5234368467,137.223955859525,0.106300646728594
604fa68...,schema_ic,far_pa,mouse_error,all,25135.6951931791,163.97600917656,0.165375476523428
604fa68...,schema_ic,near_pa,mouse_error,all,23009.7754320961,105.158724021132,0.0324476025981877
609478f...,landmark_schema,both,correct_exact,3_4,1.36594162487199e-07,0.000204539803960305,-5.69852006444239e-05
609478f...,landmark_schema,far_pa,correct_exact,3_4,1.36594162487199e-07,0.000204539803960305,-5.69852006444239e-05
609478f...,landmark_schema,near_pa,correct_exact,3_4,1.36594162487199e-07,0.000204539803960305,-5.69852006444239e-05
609478f...,landmark_schema,both,correct_exact,all,1.36594162487199e-07,0.000204539803960305,-5.69852006444239e-05
609478f...,landmark_schema,far_pa,correct_exact,all,1.36594162487199e-07,0.000204539803960305,-5.69852006444239e-05
609478f...,landmark_schema,near_pa,correct_exact,all,1.36594162487199e-07,0.000204539803960305,-5.69852006444239e-05
609478f...,landmark_schema,both,correct_one_square_away,3_4,0.929749346271325,0.292769372978703,-0.0384746336804418
609478f...,landmark_schema,far_pa,correct_one_square_away,3_4,0.248447885975955,0.146620782196985,-0.00710185561678388
609478f...,landmark_schema,near_pa,correct_one_square_away,3_4,0.929749346271325,0.292769372978703,-0.0384746336804418
609478f...,landmark_schema,both,correct_one_square_away,all,0.404730109542335,0.19582053688009,-0.0170067027081678
609478f...,landmark_schema,far_pa,correct_one_square_away,all,0.248447885975955,0.146620782196985,-0.00710185561678388
609478f...,landmark_schema,near_pa,correct_one_square_away,all,0.929749346271325,0.292769372978703,-0.0384746336804418
609478f...,landmark_schema,both,mouse_error,3_4,32854.8739362659,136.821191968099,-0.0293754554406135
609478f...,landmark_schema,far_pa,mouse_error,3_4,12899.0903540785,187.706526040127,-0.00737898251651063
609478f...,landmark_schema,near_pa,mouse_error,3_4,15919.1681848117,106.168614695836,-0.0767831913019508
609478f...,landmark_schema,both,mouse_error,all,12515.7570033226,160.573657010161,-0.0254401883581128
609478f...,landmark_schema,far_pa,mouse_error,all,12899.0903540785,187.706526040127,-0.00737898251651063
609478f...,landmark_schema,near_pa,mouse_error,all,15919.1681848117,106.168614695836,-0.0767831913019508
609478f...,no_schema,both,correct_exact,3_4,0.326221997626603,0.0291415324900282,0.0608853738801553
609478f...,no_schema,both,correct_exact,all,0.1575699642339,1.94588410506186e-05,0.0912285664912265
609478f...,no_schema,both,correct_one_square_away,3_4,0.238793602370985,0.115190541984767,0.31893044913759
609478f...,no_schema,both,correct_one_square_away,all,0.0777174535995837,0.0718559564649631,0.35146910364272
609478f...,no_schema,both,mouse_error,3_4,5292.88798046279,163.010890671579,0.353121281519606
609478f...,no_schema,both,mouse_error,all,943.231856083206,161.196447828558,0.320060666640206
609478f...,random_locations,both,correct_exact,3_4,1.36594162487199e-07,0.000204539803960305,-5.69852006444239e-05
609478f...,random_locations,both,correct_exact,all,1.36594162487199e-07,0.000204539803960305,-5.69852006444239e-05
609478f...,random_locations,both,correct_one_square_away,3_4,0.09221273205884,1.12185149086953e-06,0.0327681037066102
609478f...,random_locations,both,correct_one_square_away,all,0.048197285298022,0.0294729742811776,0.00996309015398789
609478f...,random_locations,both,mouse_error,3_4,8145.83702424304,237.839081104167,0.0567352361805914
609478f...,random_locations,both,mouse_error,all,4938.80252821686,241.089009895419,0.015660979617753
609478f...,schema_c,both,correct_exact,3_4,0.0808373141645837,0.109066322282977,-0.0205216841124543
609478f...,schema_c,far_pa,correct_exact,3_4,1.36594162487199e-07,0.000204539803960305,-5.69852006444239e-05
609478f...,schema_c,near_pa,correct_exact,3_4,0.182084972520389,0.16182468036499,-0.0312708011585575
609478f...,schema_c,both,correct_exact,all,0.0201894839789219,0.0550241265358614,-0.0100758120379756
609478f...,schema_c,far_pa,correct_exact,all,1.36594162487199e-07,0.000204539803960305,-5.69852006444239e-05
609478f...,schema_c,near_pa,correct_exact,all,0.182084972520389,0.16182468036499,-0.0312708011585575
609478f...,schema_c,both,correct_one_square_away,3_4,0.207700892738329,0.138220999995245,-0.00434267028234916
609478f...,schema_c,far_pa,correct_one_square_away,3_4,1.36594162487199e-07,0.000204539803960305,-5.69852006444239e-05
609478f...,schema_c,near_pa,correct_one_square_away,3_4,0.467364771816162,0.206713761290144,-0.00680439561234797
609478f...,schema_c,both,correct_one_square_away,all,0.0519214377017386,0.0692935644638944,-0.00208172968817018
609478f...,schema_c,far_pa,correct_one_square_away,all,1.36594162487199e-07,0.000204539803960305,-5.69852006444239e-05
609478f...,schema_c,near_pa,correct_one_square_away,all,0.467364771816162,0.206713761290144,-0.00680439561234797
609478f...,schema_c,both,mouse_error,3_4,8323.5305995351,155.006056048912,0.00145022868963618
609478f...,schema_c,far_pa,mouse_error,3_4,11933.2138391833,218.630464627564,0.0167677361093347
609478f...,schema_c,near_pa,mouse_error,3_4,17947.1215238885,156.879901620697,-0.0134567786266656
609478f...,schema_c,both,mouse_error,all,7335.64066311166,197.372013717311,0.00736395603852212
609478f...,schema_c,far_pa,mouse_error,all,11933.2138391833,218.630464627564,0.0167677361093347
609478f...,schema_c,near_pa,mouse_error,all,17947.1215238885,156.879901620697,-0.0134567786266656
609478f...,schema_ic,both,correct_exact,3_4,1.36594162487199e-07,0.000204539803960305,-5.69852006444239e-05
609478f...,schema_ic,far_pa,correct_exact,3_4,1.36594162487199e-07,0.000204539803960305,-5.69852006444239e-05
609478f...,schema_ic,near_pa,correct_exact,3_4,0.204844923045191,0.126072684293431,-0.019763268174632
609478f...,schema_ic,both,correct_exact,all,0.0227993464956264,0.041851745732854,-0.00616922475739523
609478f...,schema_ic,far_pa,correct_exact,all,1.36594162487199e-07,0.000204539803960305,-5.69852006444239e-05
609478f...,schema_ic,near_pa,correct_exact,all,0.204844923045191,0.126072684293431,-0.019763268174632
609478f...,schema_ic,both,correct_one_square_away,3_4,0.348370089886646,0.0293143469554485,0.030412540929571
609478f...,schema_ic,far_pa,correct_one_square_away,3_4,0.087483050185527,0.0181187376897072,0.013362649747455
609478f...,schema_ic,near_pa,correct_one_square_away,3_4,0.204844923045191,0.126072684293431,-0.019763268174632
609478f...,schema_ic,both,correct_one_square_away,all,0.0519099204976971,0.055231159668869,0.00221249255229895
609478f...,schema_ic,far_pa,correct_one_square_away,all,0.087483050185527,0.0181187376897072,0.013362649747455
609478f...,schema_ic,near_pa,correct_one_square_away,all,0.204844923045191,0.126072684293431,-0.019763268174632
609478f...,schema_ic,both,mouse_error,3_4,13648.1112988139,165.829977744008,-0.0264893248772715
609478f...,schema_ic,far_pa,mouse_error,3_4,11412.2180008286,212.630164742959,0.00618815571904711
609478f...,schema_ic,near_pa,mouse_error,3_4,31267.8852260227,146.100791830826,-0.0641574572198895
609478f...,schema_ic,both,mouse_error,all,6589.96885538346,185.924517334477,-0.0205013661460299
609478f...,schema_ic,far_pa,mouse_error,all,11412.2180008286,212.630164742959,0.00618815571904711
609478f...,schema_ic,near_pa,mouse_error,all,31267.8852260227,146.100791830826,-0.0641574572198895
60e43d1...,landmark_schema,both,correct_exact,3_4,0.635875372903042,0.164566660937088,0.158672358867871
60e43d1...,landmark_schema,far_pa,correct_exact,3_4,0.428637958182456,0.00979023991385331,0.112018796383636
60e43d1...,landmark_schema,near_pa,correct_exact,3_4,0.341559170335788,1.35105402873776e-08,0.157068907008702
60e43d1...,landmark_schema,both,correct_exact,all,0.247785119093459,1.00398436175305e-05,0.127421605531126
60e43d1...,landmark_schema,far_pa,correct_exact,all,0.428637958182456,0.00979023991385331,0.112018796383636
60e43d1...,landmark_schema,near_pa,correct_exact,all,0.341559170335788,1.35105402873776e-08,0.157068907008702
60e43d1...,landmark_schema,both,correct_one_square_away,3_4,0.203657936396904,0.55582890016548,0.547664052779946
60e43d1...,landmark_schema,far_pa,correct_one_square_away,3_4,0.151455837360445,0.310171996711594,0.410570824418082
60e43d1...,landmark_schema,near_pa,correct_one_square_away,3_4,0.285748215669028,1.83571398429017e-07,0.961363683630572
60e43d1...,landmark_schema,both,correct_one_square_away,all,0.125055125457719,0.209839047089837,0.555741254966264
60e43d1...,landmark_schema,far_pa,correct_one_square_away,all,0.151455837360445,0.310171996711594,0.410570824418082
60e43d1...,landmark_schema,near_pa,correct_one_square_away,all,0.285748215669028,1.83571398429017e-07,0.961363683630572
60e43d1...,landmark_schema,both,mouse_error,3_4,851.093866345335,55.4940801432159,0.14871531253898
60e43d1...,landmark_schema,far_pa,mouse_error,3_4,1669.56904303401,234.622511668017,0.514376307586786
60e43d1...,landmark_schema,near_pa,mouse_error,3_4,8334.04896160213,115.084852221872,0.284020165272743
60e43d1...,landmark_schema,both,mouse_error,all,2741.28866159872,197.210010123073,0.471185600452801
60e43d1...,landmark_schema,far_pa,mouse_error,all,1669.56904303401,234.622511668017,0.514376307586786
60e43d1...,landmark_schema,near_pa,mouse_error,all,8334.04896160213,115.084852221872,0.284020165272743
60e43d1...,no_schema,both,correct_exact,3_4,0.253156475553666,0.0550251877861446,0.154161453704088
60e43d1...,no_schema,both,correct_exact,all,0.140147542518388,0.227560077217344,0.0746794405681416
60e43d1...,no_schema,both,correct_one_square_away,3_4,0.224844751421236,0.00195528405160985,1.14446455887947
60e43d1...,no_schema,both,correct_one_square_away,all,0.225286402387924,0.0419234357452834,0.825373351654523
60e43d1...,no_schema,both,mouse_error,3_4,11469.9621265095,148.641133570225,0.282151414375899
60e43d1...,no_schema,both,mouse_error,all,7745.48781339047,168.054609198402,0.452651101684455
60e43d1...,random_locations,both,correct_exact,3_4,1.36594162487199e-07,0.000204539803960305,-5.69852006444239e-05
60e43d1...,random_locations,both,correct_exact,all,0.10379929980771,2.10455473099755e-06,0.0659643384696392
60e43d1...,random_locations,both,correct_one_square_away,3_4,0.0722991816842002,2.47359275687547e-06,0.131768880486488
60e43d1...,random_locations,both,correct_one_square_away,all,0.0906527056006657,4.1803182446244e-06,0.180751695114781
60e43d1...,random_locations,both,mouse_error,3_4,13096.0068136025,187.995309914041,0.14740368960422
60e43d1...,random_locations,both,mouse_error,all,2939.74103224188,195.289461186553,0.204554841679988
60e43d1...,schema_c,both,correct_exact,3_4,0.154415158213277,4.99411718899984e-05,0.0399339892272838
60e43d1...,schema_c,far_pa,correct_exact,3_4,0.46706328476001,0.163685990062873,0.0083019778007666
60e43d1...,schema_c,near_pa,correct_exact,3_4,0.204876140422142,0.000125822585685292,0.0189358043377435
60e43d1...,schema_c,both,correct_exact,all,0.186437292001617,0.107303311518742,0.0127381188504329
60e43d1...,schema_c,far_pa,correct_exact,all,0.46706328476001,0.163685990062873,0.0083019778007666
60e43d1...,schema_c,near_pa,correct_exact,all,0.204876140422142,0.000125822585685292,0.0189358043377435
60e43d1...,schema_c,both,correct_one_square_away,3_4,0.293322784437075,4.13134491815479e-06,0.39400361986809
60e43d1...,schema_c,far_pa,correct_one_square_away,3_4,0.119651647125534,2.78143184819843e-07,0.593420537751188
60e43d1...,schema_c,near_pa,correct_one_square_away,3_4,0.320013395832086,1.31635853739541e-07,0.384755593642516
60e43d1...,schema_c,both,correct_one_square_away,all,0.113925245574502,1.90349692391858e-07,0.503022251168945
60e43d1...,schema_c,far_pa,correct_one_square_away,all,0.119651647125534,2.78143184819843e-07,0.593420537751188
60e43d1...,schema_c,near_pa,correct_one_square_away,all,0.320013395832086,1.31635853739541e-07,0.384755593642516
60e43d1...,schema_c,both,mouse_error,3_4,3481.30927365044,185.290089655227,0.478146000783579
60e43d1...,schema_c,far_pa,mouse_error,3_4,5963.0185625371,201.477219942299,0.580114830698624
60e43d1...,schema_c,near_pa,mouse_error,3_4,5216.15110313576,234.359933983329,0.650489635008466
60e43d1...,schema_c,both,mouse_error,all,5419.26917146865,212.48990549997,0.60459282637641
60e43d1...,schema_c,far_pa,mouse_error,all,5963.0185625371,201.477219942299,0.580114830698624
60e43d1...,schema_c,near_pa,mouse_error,all,5216.15110313576,234.359933983329,0.650489635008466
60e43d1...,schema_ic,both,correct_exact,3_4,0.247025895586791,0.0663911782965206,0.341708054654204
60e43d1...,schema_ic,far_pa,correct_exact,3_4,0.256974448273009,1.36103480910469e-06,0.115174724254757
60e43d1...,schema_ic,near_pa,correct_exact,3_4,0.870547371701073,0.168903732756541,0.220607216606794
60e43d1...,schema_ic,both,correct_exact,all,0.0186511978893161,9.93544235714617e-06,0.153314282507635
60e43d1...,schema_ic,far_pa,correct_exact,all,0.256974448273009,1.36103480910469e-06,0.115174724254757
60e43d1...,schema_ic,near_pa,correct_exact,all,0.870547371701073,0.168903732756541,0.220607216606794
60e43d1...,schema_ic,both,correct_one_square_away,3_4,0.273095147273486,0.0293532141625855,0.507732834518865
60e43d1...,schema_ic,far_pa,correct_one_square_away,3_4,0.153719968933093,7.55969724448068e-08,0.508466183442251
60e43d1...,schema_ic,near_pa,correct_one_square_away,3_4,0.25,1.10408121243578e-10,19.3283423464871
60e43d1...,schema_ic,both,correct_one_square_away,all,0.0674050233297724,0.00100338320314141,0.672917031890302
60e43d1...,schema_ic,far_pa,correct_one_square_away,all,0.153719968933093,7.55969724448068e-08,0.508466183442251
60e43d1...,schema_ic,near_pa,correct_one_square_away,all,0.25,1.10408121243578e-10,19.3283423464871
60e43d1...,schema_ic,both,mouse_error,3_4,1467.45421728607,203.193411626894,0.60535245479645
60e43d1...,schema_ic,far_pa,mouse_error,3_4,520.738610029988,220.299474308802,0.583215029445677
60e43d1...,schema_ic,near_pa,mouse_error,3_4,3730.92800282316,207.881155356467,1.63439994539356
60e43d1...,schema_ic,both,mouse_error,all,1341.36791969968,212.164823714485,0.697106370613876
60e43d1...,schema_ic,far_pa,mouse_error,all,520.738610029988,220.299474308802,0.583215029445677
60e43d1...,schema_ic,near_pa,mouse_error,all,3730.92800282316,207.881155356467,1.63439994539356
615a170...,landmark_schema,both,correct_exact,3_4,0.349851563359262,0.210509216149975,-0.028737754083237
615a170...,landmark_schema,far_pa,correct_exact,3_4,0.214733154974417,0.00581630973845017,0.0269562173033397
615a170...,landmark_schema,near_pa,correct_exact,3_4,0.217161320292324,0.0401621846599007,0.00676252795594819
615a170...,landmark_schema,both,correct_exact,all,0.0952586172879151,0.0153412139305125,0.0207479145171239
615a170...,landmark_schema,far_pa,correct_exact,all,0.214733154974417,0.00581630973845017,0.0269562173033397
615a170...,landmark_schema,near_pa,correct_exact,all,0.217161320292324,0.0401621846599007,0.00676252795594819
615a170...,landmark_schema,both,correct_one_square_away,3_4,0.129781706402392,0.0166503481527877,0.453631679396356
615a170...,landmark_schema,far_pa,correct_one_square_away,3_4,0.219538179703649,0.199097686978437,0.251653196374241
615a170...,landmark_schema,near_pa,correct_one_square_away,3_4,0.462868242499417,1.25117964301778e-08,0.206320790824195
615a170...,landmark_schema,both,correct_one_square_away,all,0.12422258427526,0.0888215849932746,0.245446275500726
615a170...,landmark_schema,far_pa,correct_one_square_away,all,0.219538179703649,0.199097686978437,0.251653196374241
615a170...,landmark_schema,near_pa,correct_one_square_away,all,0.462868242499417,1.25117964301778e-08,0.206320790824195
615a170...,landmark_schema,both,mouse_error,3_4,10320.9309843731,268.67606029868,0.460722563925994
615a170...,landmark_schema,far_pa,mouse_error,3_4,3237.86847430298,117.221594024322,0.198992290988063
615a170...,landmark_schema,near_pa,mouse_error,3_4,5375.96993243243,195.41902753445,0.232018064804091
615a170...,landmark_schema,both,mouse_error,all,1347.67929152003,145.062952148657,0.218436271099566
615a170...,landmark_schema,far_pa,mouse_error,all,3237.86847430298,117.221594024322,0.198992290988063
615a170...,landmark_schema,near_pa,mouse_error,all,5375.96993243243,195.41902753445,0.232018064804091
615a170...,no_schema,both,correct_exact,3_4,0.201979228496831,0.168911317649654,-0.0145494948008037
615a170...,no_schema,both,correct_exact,all,0.167727244172856,0.034134547179563,0.0436090308008716
615a170...,no_schema,both,correct_one_square_away,3_4,0.389914635120819,0.422968790009324,0.306450634659558
615a170...,no_schema,both,correct_one_square_away,all,0.215976272483718,0.332521302425946,0.288438637931393
615a170...,no_schema,both,mouse_error,3_4,1052.58513668663,83.9782241028601,0.138948905658214
615a170...,no_schema,both,mouse_error,all,821.649204911953,125.684868554309,0.247280952210004
615a170...,random_locations,both,correct_exact,3_4,0.191637280095436,0.0532982558095295,0.022902588960246
615a170...,random_locations,both,correct_exact,all,0.153299928561062,0.0181624144835024,0.0645917590152657
615a170...,random_locations,both,correct_one_square_away,3_4,0.222439729992203,1.74884910299097e-08,0.601814463517301
615a170...,random_locations,both,correct_one_square_away,all,0.0543366609488854,3.58640145731561e-07,0.616661251456527
615a170...,random_locations,both,mouse_error,3_4,7005.23606938489,147.307153643293,0.313793505369827
615a170...,random_locations,both,mouse_error,all,3633.88776376085,218.008117402511,0.518234858446174
615a170...,schema_c,both,correct_exact,3_4,0.0826462460510768,1.86383294740614e-06,0.0475226892956197
615a170...,schema_c,far_pa,correct_exact,3_4,0.0708637795793357,4.99411718899984e-05,0.0399339892272838
615a170...,schema_c,near_pa,correct_exact,3_4,0.194798549326553,4.00766730131435e-06,0.0746964580565686
615a170...,schema_c,both,correct_exact,all,0.0221706621769003,2.60192318630596e-06,0.0513420491566648
615a170...,schema_c,far_pa,correct_exact,all,0.0708637795793357,4.99411718899984e-05,0.0399339892272838
615a170...,schema_c,near_pa,correct_exact,all,0.194798549326553,4.00766730131435e-06,0.0746964580565686
615a170...,schema_c,both,correct_one_square_away,3_4,0.129074115632172,0.0754635474654831,0.301891714777321
615a170...,schema_c,far_pa,correct_one_square_away,3_4,0.0200027988963141,0.00361176205761455,0.659740697299635
615a170...,schema_c,near_pa,correct_one_square_away,3_4,0.238949763304065,1.26865750637297e-05,0.196165585058333
615a170...,schema_c,both,correct_one_square_away,all,0.0337476633181737,0.00998961645085546,0.422522802458767
615a170...,schema_c,far_pa,correct_one_square_away,all,0.0200027988963141,0.00361176205761455,0.659740697299635
615a170...,schema_c,near_pa,correct_one_square_away,all,0.238949763304065,1.26865750637297e-05,0.196165585058333
615a170...,schema_c,both,mouse_error,3_4,4528.6210885801,158.02189320544,0.259400732436135
615a170...,schema_c,far_pa,mouse_error,3_4,2471.22102150678,183.900009233415,0.378428050958928
615a170...,schema_c,near_pa,mouse_error,3_4,3344.21791020334,133.364844785556,0.154922402111548
615a170...,schema_c,both,mouse_error,all,857.414120199526,165.189847874453,0.292022586214558
615a170...,schema_c,far_pa,mouse_error,all,2471.22102150678,183.900009233415,0.378428050958928
615a170...,schema_c,near_pa,mouse_error,all,3344.21791020334,133.364844785556,0.154922402111548
615a170...,schema_ic,both,correct_exact,3_4,0.284465903055614,0.205720886673952,0.0720991364736253
615a170...,schema_ic,far_pa,correct_exact,3_4,0.438626325870056,4.29153441028227e-07,0.125129122734069
615a170...,schema_ic,near_pa,correct_exact,3_4,0.494065499335283,0.207850911095316,0.0158151992941735
615a170...,schema_ic,both,correct_exact,all,0.166047858164436,0.0253458779377964,0.0980872845587143
615a170...,schema_ic,far_pa,correct_exact,all,0.438626325870056,4.29153441028227e-07,0.125129122734069
615a170...,schema_ic,near_pa,correct_exact,all,0.494065499335283,0.207850911095316,0.0158151992941735
615a170...,schema_ic,both,correct_one_square_away,3_4,0.475264677272307,0.291788604078194,0.521087427753202
615a170...,schema_ic,far_pa,correct_one_square_away,3_4,0.0649456749945685,3.38472891042892e-06,0.469240419290726
615a170...,schema_ic,near_pa,correct_one_square_away,3_4,0.298859945537761,0.477310769093669,0.464610659158609
615a170...,schema_ic,both,correct_one_square_away,all,0.0462166616119218,0.111861878924306,0.491845931957273
615a170...,schema_ic,far_pa,correct_one_square_away,all,0.0649456749945685,3.38472891042892e-06,0.469240419290726
615a170...,schema_ic,near_pa,correct_one_square_away,all,0.298859945537761,0.477310769093669,0.464610659158609
615a170...,schema_ic,both,mouse_error,3_4,2179.85370244116,70.0179834043719,0.160056081396611
615a170...,schema_ic,far_pa,mouse_error,3_4,1664.2422948571,159.322464059715,0.361422448319928
615a170...,schema_ic,near_pa,mouse_error,3_4,850.967232887037,86.0065541043255,0.186851264218159
615a170...,schema_ic,both,mouse_error,all,910.978268882725,134.205041796895,0.3110192410459
615a170...,schema_ic,far_pa,mouse_error,all,1664.2422948571,159.322464059715,0.361422448319928
615a170...,schema_ic,near_pa,mouse_error,all,850.967232887037,86.0065541043255,0.186851264218159
